{
  "overall_accuracy": 0.174,
  "complete_token_accuracy": 0.0,
  "digit_accuracies": [
    0.19,
    0.19,
    0.1,
    0.14,
    0.26,
    0.26,
    0.27,
    0.31,
    0.0,
    0.22,
    0.16,
    0.0,
    0.28,
    0.42,
    0.15,
    0.21,
    0.17,
    0.15,
    0.0,
    0.0
  ],
  "precision": 0.09315714285714284,
  "recall": 0.174,
  "f1_score": 0.11265210884926531,
  "total_samples": 100
}